"(Benchmark_method, commit)",Move Class,Extract Attribute,Extract Variable,Extract Method,Inline Method,Extract And Move Method,Change Variable Type,Change Return Type,Merge Attribute,Change Attribute Type,Inline Variable,Extract Class,Move Method,Move Attribute,Move Source Folder,Change Parameter Type,Change Package,Extract Superclass,Pull Up Method,Merge Variable,Push Down Method,Parameterize Variable,Split Attribute,Pull Up Attribute,Replace Variable With Attribute,Extract Interface,sum,delta
"(com.alibaba.json.test.benchmark.jdk10.StringBenchmark.testParseJsonComp,e3e1fea787147261448e30c1745d9157f442cb9f)",0,0,0,0,0,0,0,0,0,0,0,0,0,0,0,0,0,0,0,0,0,0,0,0,0,0,0,
"(com.alibaba.json.test.benchmark.jdk10.StringBenchmark_jackson.testParseJsonComp,e3e1fea787147261448e30c1745d9157f442cb9f)",0,0,0,0,0,0,0,0,0,0,0,0,0,0,0,0,0,0,0,0,0,0,0,0,0,0,0,
"(com.alibaba.json.test.benchmark.jdk10.StringBenchmark_jackson.testParseJson,e3e1fea787147261448e30c1745d9157f442cb9f)",0,0,0,0,0,0,0,0,0,0,0,0,0,0,0,0,0,0,0,0,0,0,0,0,0,0,0,
"(com.alibaba.json.test.benchmark.jdk10.StringBenchmark.testParseJson,e3e1fea787147261448e30c1745d9157f442cb9f)",0,0,0,0,0,0,0,0,0,0,0,0,0,0,0,0,0,0,0,0,0,0,0,0,0,0,0,
"(com.alibaba.json.test.benchmark.jdk10.StringBenchmark.testParseJsonComp,50aa93c3c50ca6120a917a31880ec39ece69e41b)",0,0,0,0,0,0,0,0,0,0,0,0,0,0,0,0,0,0,0,0,0,0,0,0,0,0,0,
"(com.alibaba.json.test.benchmark.jdk10.StringBenchmark_jackson.testParseJsonComp,50aa93c3c50ca6120a917a31880ec39ece69e41b)",0,0,0,0,0,0,0,0,0,0,0,0,0,0,0,0,0,0,0,0,0,0,0,0,0,0,0,
"(com.alibaba.json.test.benchmark.jdk10.StringBenchmark_jackson.testParseJson,50aa93c3c50ca6120a917a31880ec39ece69e41b)",0,0,0,0,0,0,0,0,0,0,0,0,0,0,0,0,0,0,0,0,0,0,0,0,0,0,0,
"(com.alibaba.json.test.benchmark.jdk10.StringBenchmark.testParseJson,50aa93c3c50ca6120a917a31880ec39ece69e41b)",0,0,0,0,0,0,0,0,0,0,0,0,0,0,0,0,0,0,0,0,0,0,0,0,0,0,0,
"(com.alibaba.json.test.benchmark.jdk10.StringBenchmark.testParseJsonComp,3286378be6c36fe5a2f8fe4a36b0dfba67d4c36d)",0,0,0,0,0,0,0,0,0,0,0,0,0,0,0,0,0,0,0,0,0,0,0,0,0,0,0,
"(com.alibaba.json.test.benchmark.jdk10.StringBenchmark_jackson.testParseJsonComp,3286378be6c36fe5a2f8fe4a36b0dfba67d4c36d)",0,0,0,0,0,0,0,0,0,0,0,0,0,0,0,0,0,0,0,0,0,0,0,0,0,0,0,
"(com.alibaba.json.test.benchmark.jdk10.StringBenchmark_jackson.testParseJson,3286378be6c36fe5a2f8fe4a36b0dfba67d4c36d)",0,0,0,0,0,0,0,0,0,0,0,0,0,0,0,0,0,0,0,0,0,0,0,0,0,0,0,
"(com.alibaba.json.test.benchmark.jdk10.StringBenchmark.testParseJson,3286378be6c36fe5a2f8fe4a36b0dfba67d4c36d)",0,0,0,0,0,0,0,0,0,0,0,0,0,0,0,0,0,0,0,0,0,0,0,0,0,0,0,
"(com.alibaba.json.test.benchmark.jdk10.StringBenchmark.testParseJsonComp,89663935d403f5e3b5132ba6f93659b7c2d488e2)",0,0,0,0,0,0,0,0,0,0,0,0,0,0,0,0,0,0,0,0,0,0,0,0,0,0,0,
"(com.alibaba.json.test.benchmark.jdk10.StringBenchmark_jackson.testParseJsonComp,89663935d403f5e3b5132ba6f93659b7c2d488e2)",0,0,0,0,0,0,0,0,0,0,0,0,0,0,0,0,0,0,0,0,0,0,0,0,0,0,0,
"(com.alibaba.json.test.benchmark.jdk10.StringBenchmark_jackson.testParseJson,89663935d403f5e3b5132ba6f93659b7c2d488e2)",0,0,0,0,0,0,0,0,0,0,0,0,0,0,0,0,0,0,0,0,0,0,0,0,0,0,0,
"(com.alibaba.json.test.benchmark.jdk10.StringBenchmark.testParseJson,89663935d403f5e3b5132ba6f93659b7c2d488e2)",0,0,0,0,0,0,0,0,0,0,0,0,0,0,0,0,0,0,0,0,0,0,0,0,0,0,0,
"(com.alibaba.json.test.benchmark.jdk10.StringBenchmark.testParseJsonComp,540c487da5b5278e03c87ffe61366db2986126bc)",0,0,0,0,0,0,0,0,0,0,0,0,0,0,0,0,0,0,0,0,0,0,0,0,0,0,0,
"(com.alibaba.json.test.benchmark.jdk10.StringBenchmark_jackson.testParseJsonComp,540c487da5b5278e03c87ffe61366db2986126bc)",0,0,0,0,0,0,0,0,0,0,0,0,0,0,0,0,0,0,0,0,0,0,0,0,0,0,0,
"(com.alibaba.json.test.benchmark.jdk10.StringBenchmark_jackson.testParseJson,540c487da5b5278e03c87ffe61366db2986126bc)",0,0,0,0,0,0,0,0,0,0,0,0,0,0,0,0,0,0,0,0,0,0,0,0,0,0,0,
"(com.alibaba.json.test.benchmark.jdk10.StringBenchmark.testParseJson,540c487da5b5278e03c87ffe61366db2986126bc)",0,0,0,0,0,0,0,0,0,0,0,0,0,0,0,0,0,0,0,0,0,0,0,0,0,0,0,
"(com.alibaba.json.test.benchmark.jdk10.StringBenchmark.testParseJsonComp,2f7dccb4df1a25babe9b33ab5bdcc43f25b56d1e)",0,0,0,0,0,0,0,0,0,0,0,0,0,0,0,0,0,0,0,0,0,0,0,0,0,0,0,
"(com.alibaba.json.test.benchmark.jdk10.StringBenchmark_jackson.testParseJsonComp,2f7dccb4df1a25babe9b33ab5bdcc43f25b56d1e)",0,0,0,0,0,0,0,0,0,0,0,0,0,0,0,0,0,0,0,0,0,0,0,0,0,0,0,
"(com.alibaba.json.test.benchmark.jdk10.StringBenchmark_jackson.testParseJson,2f7dccb4df1a25babe9b33ab5bdcc43f25b56d1e)",0,0,0,0,0,0,0,0,0,0,0,0,0,0,0,0,0,0,0,0,0,0,0,0,0,0,0,
"(com.alibaba.json.test.benchmark.jdk10.StringBenchmark.testParseJson,2f7dccb4df1a25babe9b33ab5bdcc43f25b56d1e)",0,0,0,0,0,0,0,0,0,0,0,0,0,0,0,0,0,0,0,0,0,0,0,0,0,0,0,
"(com.alibaba.json.test.benchmark.jdk10.StringBenchmark.testParseJsonComp,3fcc70f32aa1cefe0bbaf9a1d3e16c1001aacff1)",0,0,0,0,0,0,0,0,0,0,0,0,0,0,0,0,0,0,0,0,0,0,0,0,0,0,0,
"(com.alibaba.json.test.benchmark.jdk10.StringBenchmark_jackson.testParseJsonComp,3fcc70f32aa1cefe0bbaf9a1d3e16c1001aacff1)",0,0,0,0,0,0,0,0,0,0,0,0,0,0,0,0,0,0,0,0,0,0,0,0,0,0,0,
"(com.alibaba.json.test.benchmark.jdk10.StringBenchmark_jackson.testParseJson,3fcc70f32aa1cefe0bbaf9a1d3e16c1001aacff1)",0,0,0,0,0,0,0,0,0,0,0,0,0,0,0,0,0,0,0,0,0,0,0,0,0,0,0,
"(com.alibaba.json.test.benchmark.jdk10.StringBenchmark.testParseJson,3fcc70f32aa1cefe0bbaf9a1d3e16c1001aacff1)",0,0,0,0,0,0,0,0,0,0,0,0,0,0,0,0,0,0,0,0,0,0,0,0,0,0,0,
"(com.alibaba.json.test.benchmark.jdk10.StringBenchmark.testParseJsonComp,8f39a00cae80d7b8941fed7b51a6b4d16d2e2fed)",0,0,0,0,0,0,0,0,0,0,0,0,0,0,0,0,0,0,0,0,0,0,0,0,0,0,0,
"(com.alibaba.json.test.benchmark.jdk10.StringBenchmark_jackson.testParseJsonComp,8f39a00cae80d7b8941fed7b51a6b4d16d2e2fed)",0,0,0,0,0,0,0,0,0,0,0,0,0,0,0,0,0,0,0,0,0,0,0,0,0,0,0,
"(com.alibaba.json.test.benchmark.jdk10.StringBenchmark_jackson.testParseJson,8f39a00cae80d7b8941fed7b51a6b4d16d2e2fed)",0,0,0,0,0,0,0,0,0,0,0,0,0,0,0,0,0,0,0,0,0,0,0,0,0,0,0,
"(com.alibaba.json.test.benchmark.jdk10.StringBenchmark.testParseJson,8f39a00cae80d7b8941fed7b51a6b4d16d2e2fed)",0,0,0,0,0,0,0,0,0,0,0,0,0,0,0,0,0,0,0,0,0,0,0,0,0,0,0,
"(com.alibaba.json.test.benchmark.jdk10.StringBenchmark.testParseJsonComp,7742a5326dba24467ded32be5d5fbf8600f26837)",0,0,0,2,0,0,0,0,0,0,0,0,0,0,0,0,0,0,0,0,0,0,0,0,0,0,2,
"(com.alibaba.json.test.benchmark.jdk10.StringBenchmark_jackson.testParseJsonComp,7742a5326dba24467ded32be5d5fbf8600f26837)",0,0,0,2,0,0,0,0,0,0,0,0,0,0,0,0,0,0,0,0,0,0,0,0,0,0,2,
"(com.alibaba.json.test.benchmark.jdk10.StringBenchmark_jackson.testParseJson,7742a5326dba24467ded32be5d5fbf8600f26837)",0,0,0,2,0,0,0,0,0,0,0,0,0,0,0,0,0,0,0,0,0,0,0,0,0,0,2,
"(com.alibaba.json.test.benchmark.jdk10.StringBenchmark.testParseJson,7742a5326dba24467ded32be5d5fbf8600f26837)",0,0,0,2,0,0,0,0,0,0,0,0,0,0,0,0,0,0,0,0,0,0,0,0,0,0,2,
"(com.alibaba.json.test.benchmark.jdk10.StringBenchmark.testParseJsonComp,d9f4fed851ee97a6ac09e968eaf5c520c4fd2ade)",0,0,0,0,0,0,0,0,0,0,0,0,0,0,0,0,0,0,0,0,0,0,0,0,0,0,0,
"(com.alibaba.json.test.benchmark.jdk10.StringBenchmark_jackson.testParseJsonComp,d9f4fed851ee97a6ac09e968eaf5c520c4fd2ade)",0,0,0,0,0,0,0,0,0,0,0,0,0,0,0,0,0,0,0,0,0,0,0,0,0,0,0,
"(com.alibaba.json.test.benchmark.jdk10.StringBenchmark_jackson.testParseJson,d9f4fed851ee97a6ac09e968eaf5c520c4fd2ade)",0,0,0,0,0,0,0,0,0,0,0,0,0,0,0,0,0,0,0,0,0,0,0,0,0,0,0,
"(com.alibaba.json.test.benchmark.jdk10.StringBenchmark.testParseJson,d9f4fed851ee97a6ac09e968eaf5c520c4fd2ade)",0,0,0,0,0,0,0,0,0,0,0,0,0,0,0,0,0,0,0,0,0,0,0,0,0,0,0,
"(com.alibaba.json.test.benchmark.jdk10.StringBenchmark.testParseJsonComp,8643af294ba19b73ad9286d1856b0a4ddc1b9ea7)",0,0,0,0,0,0,0,0,0,0,0,0,0,0,0,0,0,0,0,0,0,0,0,0,0,0,0,
"(com.alibaba.json.test.benchmark.jdk10.StringBenchmark_jackson.testParseJsonComp,8643af294ba19b73ad9286d1856b0a4ddc1b9ea7)",0,0,0,0,0,0,0,0,0,0,0,0,0,0,0,0,0,0,0,0,0,0,0,0,0,0,0,
"(com.alibaba.json.test.benchmark.jdk10.StringBenchmark_jackson.testParseJson,8643af294ba19b73ad9286d1856b0a4ddc1b9ea7)",0,0,0,0,0,0,0,0,0,0,0,0,0,0,0,0,0,0,0,0,0,0,0,0,0,0,0,
"(com.alibaba.json.test.benchmark.jdk10.StringBenchmark.testParseJson,8643af294ba19b73ad9286d1856b0a4ddc1b9ea7)",0,0,0,0,0,0,0,0,0,0,0,0,0,0,0,0,0,0,0,0,0,0,0,0,0,0,0,
"(com.alibaba.json.test.benchmark.jdk10.StringBenchmark.testParseJsonComp,7170a89522c1605ddf6601112741a62ca32a3204)",0,0,0,0,0,0,0,0,0,0,0,0,0,0,0,0,0,0,0,0,0,0,0,0,0,0,0,
"(com.alibaba.json.test.benchmark.jdk10.StringBenchmark_jackson.testParseJsonComp,7170a89522c1605ddf6601112741a62ca32a3204)",0,0,0,0,0,0,0,0,0,0,0,0,0,0,0,0,0,0,0,0,0,0,0,0,0,0,0,
"(com.alibaba.json.test.benchmark.jdk10.StringBenchmark_jackson.testParseJson,7170a89522c1605ddf6601112741a62ca32a3204)",0,0,0,0,0,0,0,0,0,0,0,0,0,0,0,0,0,0,0,0,0,0,0,0,0,0,0,
"(com.alibaba.json.test.benchmark.jdk10.StringBenchmark.testParseJson,7170a89522c1605ddf6601112741a62ca32a3204)",0,0,0,0,0,0,0,0,0,0,0,0,0,0,0,0,0,0,0,0,0,0,0,0,0,0,0,
"(com.alibaba.json.test.benchmark.jdk10.StringBenchmark.testParseJsonComp,063c2ad7e37c042d13f7ae7259d0463812d9eb84)",0,0,0,0,0,0,0,0,0,0,0,0,0,0,0,0,0,0,0,0,0,0,0,0,0,0,0,
"(com.alibaba.json.test.benchmark.jdk10.StringBenchmark_jackson.testParseJsonComp,063c2ad7e37c042d13f7ae7259d0463812d9eb84)",0,0,0,0,0,0,0,0,0,0,0,0,0,0,0,0,0,0,0,0,0,0,0,0,0,0,0,
"(com.alibaba.json.test.benchmark.jdk10.StringBenchmark_jackson.testParseJson,063c2ad7e37c042d13f7ae7259d0463812d9eb84)",0,0,0,0,0,0,0,0,0,0,0,0,0,0,0,0,0,0,0,0,0,0,0,0,0,0,0,
"(com.alibaba.json.test.benchmark.jdk10.StringBenchmark.testParseJson,063c2ad7e37c042d13f7ae7259d0463812d9eb84)",0,0,0,0,0,0,0,0,0,0,0,0,0,0,0,0,0,0,0,0,0,0,0,0,0,0,0,
"(com.alibaba.json.test.benchmark.jdk10.StringBenchmark.testParseJsonComp,43e1140520ada7e77bf3bce02390eda9adb58b4f)",0,0,0,0,0,0,0,0,0,0,0,0,0,0,0,0,0,0,0,0,0,0,0,0,0,0,0,
"(com.alibaba.json.test.benchmark.jdk10.StringBenchmark_jackson.testParseJsonComp,43e1140520ada7e77bf3bce02390eda9adb58b4f)",0,0,0,0,0,0,0,0,0,0,0,0,0,0,0,0,0,0,0,0,0,0,0,0,0,0,0,
"(com.alibaba.json.test.benchmark.jdk10.StringBenchmark_jackson.testParseJson,43e1140520ada7e77bf3bce02390eda9adb58b4f)",0,0,0,0,0,0,0,0,0,0,0,0,0,0,0,0,0,0,0,0,0,0,0,0,0,0,0,
"(com.alibaba.json.test.benchmark.jdk10.StringBenchmark.testParseJson,43e1140520ada7e77bf3bce02390eda9adb58b4f)",0,0,0,0,0,0,0,0,0,0,0,0,0,0,0,0,0,0,0,0,0,0,0,0,0,0,0,
"(com.alibaba.json.test.benchmark.jdk10.StringBenchmark.testParseJsonComp,85d80e0414f66fbfd97f8afcf17bc4f7e8fa98f9)",0,0,0,0,0,0,0,0,0,0,0,0,0,0,0,0,0,0,0,0,0,0,0,0,0,0,0,
"(com.alibaba.json.test.benchmark.jdk10.StringBenchmark_jackson.testParseJsonComp,85d80e0414f66fbfd97f8afcf17bc4f7e8fa98f9)",0,0,0,0,0,0,0,0,0,0,0,0,0,0,0,0,0,0,0,0,0,0,0,0,0,0,0,
"(com.alibaba.json.test.benchmark.jdk10.StringBenchmark_jackson.testParseJson,85d80e0414f66fbfd97f8afcf17bc4f7e8fa98f9)",0,0,0,0,0,0,0,0,0,0,0,0,0,0,0,0,0,0,0,0,0,0,0,0,0,0,0,
"(com.alibaba.json.test.benchmark.jdk10.StringBenchmark.testParseJson,85d80e0414f66fbfd97f8afcf17bc4f7e8fa98f9)",0,0,0,0,0,0,0,0,0,0,0,0,0,0,0,0,0,0,0,0,0,0,0,0,0,0,0,
"(com.alibaba.json.test.benchmark.jdk10.StringBenchmark.testParseJsonComp,6e8160c9cf884ad7dc317bed867ff0614f934399)",0,0,0,0,0,0,0,0,0,0,0,0,0,0,0,0,0,0,0,0,0,0,0,0,0,0,0,
"(com.alibaba.json.test.benchmark.jdk10.StringBenchmark_jackson.testParseJsonComp,6e8160c9cf884ad7dc317bed867ff0614f934399)",0,0,0,0,0,0,0,0,0,0,0,0,0,0,0,0,0,0,0,0,0,0,0,0,0,0,0,
"(com.alibaba.json.test.benchmark.jdk10.StringBenchmark_jackson.testParseJson,6e8160c9cf884ad7dc317bed867ff0614f934399)",0,0,0,0,0,0,0,0,0,0,0,0,0,0,0,0,0,0,0,0,0,0,0,0,0,0,0,
"(com.alibaba.json.test.benchmark.jdk10.StringBenchmark.testParseJson,6e8160c9cf884ad7dc317bed867ff0614f934399)",0,0,0,0,0,0,0,0,0,0,0,0,0,0,0,0,0,0,0,0,0,0,0,0,0,0,0,
"(com.alibaba.json.test.benchmark.jdk10.StringBenchmark.testParseJsonComp,339fbe0ad2e6a9073bdc5386ca23ded5bc2f302b)",0,0,2,0,0,0,0,0,0,0,0,0,0,0,0,0,0,0,0,0,0,0,0,0,0,0,2,
"(com.alibaba.json.test.benchmark.jdk10.StringBenchmark_jackson.testParseJsonComp,339fbe0ad2e6a9073bdc5386ca23ded5bc2f302b)",0,0,0,0,0,0,0,0,0,0,0,0,0,0,0,0,0,0,0,0,0,0,0,0,0,0,0,
"(com.alibaba.json.test.benchmark.jdk10.StringBenchmark_jackson.testParseJson,339fbe0ad2e6a9073bdc5386ca23ded5bc2f302b)",0,0,0,0,0,0,0,0,0,0,0,0,0,0,0,0,0,0,0,0,0,0,0,0,0,0,0,
"(com.alibaba.json.test.benchmark.jdk10.StringBenchmark.testParseJson,339fbe0ad2e6a9073bdc5386ca23ded5bc2f302b)",0,0,2,0,0,0,0,0,0,0,0,0,0,0,0,0,0,0,0,0,0,0,0,0,0,0,2,
"(com.alibaba.json.test.benchmark.jdk10.StringBenchmark.testParseJsonComp,f19d51b97fd65fe2431ab30353ccbe8d2e95e535)",0,0,0,0,0,0,0,0,0,0,0,0,0,0,0,0,0,0,0,0,0,0,0,0,0,0,0,
"(com.alibaba.json.test.benchmark.jdk10.StringBenchmark_jackson.testParseJsonComp,f19d51b97fd65fe2431ab30353ccbe8d2e95e535)",0,0,0,0,0,0,0,0,0,0,0,0,0,0,0,0,0,0,0,0,0,0,0,0,0,0,0,
"(com.alibaba.json.test.benchmark.jdk10.StringBenchmark_jackson.testParseJson,f19d51b97fd65fe2431ab30353ccbe8d2e95e535)",0,0,0,0,0,0,0,0,0,0,0,0,0,0,0,0,0,0,0,0,0,0,0,0,0,0,0,
"(com.alibaba.json.test.benchmark.jdk10.StringBenchmark.testParseJson,f19d51b97fd65fe2431ab30353ccbe8d2e95e535)",0,0,0,0,0,0,0,0,0,0,0,0,0,0,0,0,0,0,0,0,0,0,0,0,0,0,0,
"(com.alibaba.json.test.benchmark.jdk10.StringBenchmark.testParseJsonComp,ec17139eb9f80ec191bc2dcdabc88df6f6ac45fd)",0,0,0,0,0,0,0,0,0,0,0,0,0,0,0,0,0,0,0,0,0,0,0,0,0,0,0,
"(com.alibaba.json.test.benchmark.jdk10.StringBenchmark_jackson.testParseJsonComp,ec17139eb9f80ec191bc2dcdabc88df6f6ac45fd)",0,0,0,0,0,0,0,0,0,0,0,0,0,0,0,0,0,0,0,0,0,0,0,0,0,0,0,
"(com.alibaba.json.test.benchmark.jdk10.StringBenchmark_jackson.testParseJson,ec17139eb9f80ec191bc2dcdabc88df6f6ac45fd)",0,0,0,0,0,0,0,0,0,0,0,0,0,0,0,0,0,0,0,0,0,0,0,0,0,0,0,
"(com.alibaba.json.test.benchmark.jdk10.StringBenchmark.testParseJson,ec17139eb9f80ec191bc2dcdabc88df6f6ac45fd)",0,0,0,0,0,0,0,0,0,0,0,0,0,0,0,0,0,0,0,0,0,0,0,0,0,0,0,
"(com.alibaba.json.test.benchmark.jdk10.StringBenchmark.testParseJsonComp,26ea1d6b6d7af9c0adb18a6cb43679d7dd857c0a)",0,0,0,0,0,0,1,0,0,0,0,0,0,0,0,0,0,0,0,0,0,0,0,0,0,0,1,
"(com.alibaba.json.test.benchmark.jdk10.StringBenchmark_jackson.testParseJsonComp,26ea1d6b6d7af9c0adb18a6cb43679d7dd857c0a)",0,0,0,0,0,0,1,0,0,0,0,0,0,0,0,0,0,0,0,0,0,0,0,0,0,0,1,
"(com.alibaba.json.test.benchmark.jdk10.StringBenchmark_jackson.testParseJson,26ea1d6b6d7af9c0adb18a6cb43679d7dd857c0a)",0,0,0,0,0,0,1,0,0,0,0,0,0,0,0,0,0,0,0,0,0,0,0,0,0,0,1,
"(com.alibaba.json.test.benchmark.jdk10.StringBenchmark.testParseJson,26ea1d6b6d7af9c0adb18a6cb43679d7dd857c0a)",0,0,0,0,0,0,1,0,0,0,0,0,0,0,0,0,0,0,0,0,0,0,0,0,0,0,1,
"(com.alibaba.json.test.benchmark.jdk10.StringBenchmark.testParseJsonComp,a34675c7c2edefff45d36cdfbf7bee37e04112a2)",0,0,0,0,0,0,0,0,0,0,0,0,0,0,0,0,0,0,0,0,0,0,0,0,0,0,0,
"(com.alibaba.json.test.benchmark.jdk10.StringBenchmark_jackson.testParseJsonComp,a34675c7c2edefff45d36cdfbf7bee37e04112a2)",0,0,0,0,0,0,0,0,0,0,0,0,0,0,0,0,0,0,0,0,0,0,0,0,0,0,0,
"(com.alibaba.json.test.benchmark.jdk10.StringBenchmark_jackson.testParseJson,a34675c7c2edefff45d36cdfbf7bee37e04112a2)",0,0,0,0,0,0,0,0,0,0,0,0,0,0,0,0,0,0,0,0,0,0,0,0,0,0,0,
"(com.alibaba.json.test.benchmark.jdk10.StringBenchmark.testParseJson,a34675c7c2edefff45d36cdfbf7bee37e04112a2)",0,0,0,0,0,0,0,0,0,0,0,0,0,0,0,0,0,0,0,0,0,0,0,0,0,0,0,
"(com.alibaba.json.test.benchmark.jdk10.StringBenchmark.testParseJsonComp,1bcb054a125f18cdd80fbfcbfda9406a3924f3a5)",0,0,0,0,0,0,0,0,0,0,0,0,0,0,0,0,0,0,0,0,0,0,0,0,0,0,0,
"(com.alibaba.json.test.benchmark.jdk10.StringBenchmark_jackson.testParseJsonComp,1bcb054a125f18cdd80fbfcbfda9406a3924f3a5)",0,0,0,0,0,0,0,0,0,0,0,0,0,0,0,0,0,0,0,0,0,0,0,0,0,0,0,
"(com.alibaba.json.test.benchmark.jdk10.StringBenchmark_jackson.testParseJson,1bcb054a125f18cdd80fbfcbfda9406a3924f3a5)",0,0,0,0,0,0,0,0,0,0,0,0,0,0,0,0,0,0,0,0,0,0,0,0,0,0,0,
"(com.alibaba.json.test.benchmark.jdk10.StringBenchmark.testParseJson,1bcb054a125f18cdd80fbfcbfda9406a3924f3a5)",0,0,0,0,0,0,0,0,0,0,0,0,0,0,0,0,0,0,0,0,0,0,0,0,0,0,0,
"(com.alibaba.json.test.benchmark.jdk10.StringBenchmark.testParseJsonComp,ee5c0084b8590266453eeb7c62f122fdaf8754ac)",0,0,0,0,0,0,0,0,0,0,0,0,0,0,0,0,0,0,0,0,0,0,0,0,0,0,0,
"(com.alibaba.json.test.benchmark.jdk10.StringBenchmark_jackson.testParseJsonComp,ee5c0084b8590266453eeb7c62f122fdaf8754ac)",0,0,0,0,0,0,0,0,0,0,0,0,0,0,0,0,0,0,0,0,0,0,0,0,0,0,0,
"(com.alibaba.json.test.benchmark.jdk10.StringBenchmark_jackson.testParseJson,ee5c0084b8590266453eeb7c62f122fdaf8754ac)",0,0,0,0,0,0,0,0,0,0,0,0,0,0,0,0,0,0,0,0,0,0,0,0,0,0,0,
"(com.alibaba.json.test.benchmark.jdk10.StringBenchmark.testParseJson,ee5c0084b8590266453eeb7c62f122fdaf8754ac)",0,0,0,0,0,0,0,0,0,0,0,0,0,0,0,0,0,0,0,0,0,0,0,0,0,0,0,
"(com.alibaba.json.test.benchmark.jdk10.StringBenchmark.testParseJsonComp,77980bec2e333d6077d9e52b6a2e1f211595baae)",0,0,0,0,0,0,0,0,0,0,0,0,0,0,0,0,0,0,0,0,0,0,0,0,0,0,0,
"(com.alibaba.json.test.benchmark.jdk10.StringBenchmark_jackson.testParseJsonComp,77980bec2e333d6077d9e52b6a2e1f211595baae)",0,0,0,0,0,0,0,0,0,0,0,0,0,0,0,0,0,0,0,0,0,0,0,0,0,0,0,
"(com.alibaba.json.test.benchmark.jdk10.StringBenchmark_jackson.testParseJson,77980bec2e333d6077d9e52b6a2e1f211595baae)",0,0,0,0,0,0,0,0,0,0,0,0,0,0,0,0,0,0,0,0,0,0,0,0,0,0,0,
"(com.alibaba.json.test.benchmark.jdk10.StringBenchmark.testParseJson,77980bec2e333d6077d9e52b6a2e1f211595baae)",0,0,0,0,0,0,0,0,0,0,0,0,0,0,0,0,0,0,0,0,0,0,0,0,0,0,0,
"(com.alibaba.json.test.benchmark.jdk10.StringBenchmark.testParseJsonComp,2b6b53b9445a3babef98b6cf07b68bb3f55a2d70)",0,0,1,0,0,0,0,0,0,0,0,0,0,0,0,0,0,0,0,0,0,0,0,0,0,0,1,
"(com.alibaba.json.test.benchmark.jdk10.StringBenchmark_jackson.testParseJsonComp,2b6b53b9445a3babef98b6cf07b68bb3f55a2d70)",0,0,1,0,0,0,0,0,0,0,0,0,0,0,0,0,0,0,0,0,0,0,0,0,0,0,1,
"(com.alibaba.json.test.benchmark.jdk10.StringBenchmark_jackson.testParseJson,2b6b53b9445a3babef98b6cf07b68bb3f55a2d70)",0,0,1,0,0,0,0,0,0,0,0,0,0,0,0,0,0,0,0,0,0,0,0,0,0,0,1,
"(com.alibaba.json.test.benchmark.jdk10.StringBenchmark.testParseJson,2b6b53b9445a3babef98b6cf07b68bb3f55a2d70)",0,0,1,0,0,0,0,0,0,0,0,0,0,0,0,0,0,0,0,0,0,0,0,0,0,0,1,
"(com.alibaba.json.test.benchmark.jdk10.StringBenchmark.testParseJsonComp,e05e9c5e4be580691cc55a59f3256595393203a1)",0,0,0,0,0,0,0,0,0,0,0,0,0,0,0,0,0,0,0,0,0,0,0,0,0,0,0,
"(com.alibaba.json.test.benchmark.jdk10.StringBenchmark_jackson.testParseJsonComp,e05e9c5e4be580691cc55a59f3256595393203a1)",0,0,0,0,0,0,0,0,0,0,0,0,0,0,0,0,0,0,0,0,0,0,0,0,0,0,0,
"(com.alibaba.json.test.benchmark.jdk10.StringBenchmark_jackson.testParseJson,e05e9c5e4be580691cc55a59f3256595393203a1)",0,0,0,0,0,0,0,0,0,0,0,0,0,0,0,0,0,0,0,0,0,0,0,0,0,0,0,
"(com.alibaba.json.test.benchmark.jdk10.StringBenchmark.testParseJson,e05e9c5e4be580691cc55a59f3256595393203a1)",0,0,0,0,0,0,0,0,0,0,0,0,0,0,0,0,0,0,0,0,0,0,0,0,0,0,0,
"(com.alibaba.json.test.benchmark.jdk10.StringBenchmark.testParseJsonComp,f990797dd5c68d0beb4d2766083e3c8c8ba3ab32)",0,0,0,0,0,0,0,0,0,0,0,0,0,0,0,0,0,0,0,0,0,0,0,0,0,0,0,
"(com.alibaba.json.test.benchmark.jdk10.StringBenchmark_jackson.testParseJsonComp,f990797dd5c68d0beb4d2766083e3c8c8ba3ab32)",0,0,0,0,0,0,0,0,0,0,0,0,0,0,0,0,0,0,0,0,0,0,0,0,0,0,0,
"(com.alibaba.json.test.benchmark.jdk10.StringBenchmark_jackson.testParseJson,f990797dd5c68d0beb4d2766083e3c8c8ba3ab32)",0,0,0,0,0,0,0,0,0,0,0,0,0,0,0,0,0,0,0,0,0,0,0,0,0,0,0,
"(com.alibaba.json.test.benchmark.jdk10.StringBenchmark.testParseJson,f990797dd5c68d0beb4d2766083e3c8c8ba3ab32)",0,0,0,0,0,0,0,0,0,0,0,0,0,0,0,0,0,0,0,0,0,0,0,0,0,0,0,
"(com.alibaba.json.test.benchmark.jdk10.StringBenchmark.testParseJsonComp,f6ad27234dccea952372bd7caf83eeb79b91ccbc)",0,0,0,0,0,0,0,0,0,0,0,0,0,0,0,0,0,0,0,0,0,0,0,0,0,0,0,
"(com.alibaba.json.test.benchmark.jdk10.StringBenchmark_jackson.testParseJsonComp,f6ad27234dccea952372bd7caf83eeb79b91ccbc)",0,0,0,0,0,0,0,0,0,0,0,0,0,0,0,0,0,0,0,0,0,0,0,0,0,0,0,
"(com.alibaba.json.test.benchmark.jdk10.StringBenchmark_jackson.testParseJson,f6ad27234dccea952372bd7caf83eeb79b91ccbc)",0,0,0,0,0,0,0,0,0,0,0,0,0,0,0,0,0,0,0,0,0,0,0,0,0,0,0,
"(com.alibaba.json.test.benchmark.jdk10.StringBenchmark.testParseJson,f6ad27234dccea952372bd7caf83eeb79b91ccbc)",0,0,0,0,0,0,0,0,0,0,0,0,0,0,0,0,0,0,0,0,0,0,0,0,0,0,0,
"(com.alibaba.json.test.benchmark.jdk10.StringBenchmark.testParseJsonComp,bf9a900bf281e1e48e92d552a3b56d9c97b9913a)",0,0,0,0,0,0,0,0,0,0,0,0,0,0,0,0,0,0,0,0,0,0,0,0,0,0,0,
"(com.alibaba.json.test.benchmark.jdk10.StringBenchmark_jackson.testParseJsonComp,bf9a900bf281e1e48e92d552a3b56d9c97b9913a)",0,0,0,0,0,0,0,0,0,0,0,0,0,0,0,0,0,0,0,0,0,0,0,0,0,0,0,
"(com.alibaba.json.test.benchmark.jdk10.StringBenchmark_jackson.testParseJson,bf9a900bf281e1e48e92d552a3b56d9c97b9913a)",0,0,0,0,0,0,0,0,0,0,0,0,0,0,0,0,0,0,0,0,0,0,0,0,0,0,0,
"(com.alibaba.json.test.benchmark.jdk10.StringBenchmark.testParseJson,bf9a900bf281e1e48e92d552a3b56d9c97b9913a)",0,0,0,0,0,0,0,0,0,0,0,0,0,0,0,0,0,0,0,0,0,0,0,0,0,0,0,
"(com.alibaba.json.test.benchmark.jdk10.StringBenchmark.testParseJsonComp,604f38f0e60a3fbb1de52afa8d93a913d45d567f)",0,0,0,0,0,0,0,0,0,0,0,0,0,0,0,0,0,0,0,0,0,0,0,0,0,0,0,
"(com.alibaba.json.test.benchmark.jdk10.StringBenchmark_jackson.testParseJsonComp,604f38f0e60a3fbb1de52afa8d93a913d45d567f)",0,0,0,0,0,0,0,0,0,0,0,0,0,0,0,0,0,0,0,0,0,0,0,0,0,0,0,
"(com.alibaba.json.test.benchmark.jdk10.StringBenchmark_jackson.testParseJson,604f38f0e60a3fbb1de52afa8d93a913d45d567f)",0,0,0,0,0,0,0,0,0,0,0,0,0,0,0,0,0,0,0,0,0,0,0,0,0,0,0,
"(com.alibaba.json.test.benchmark.jdk10.StringBenchmark.testParseJson,604f38f0e60a3fbb1de52afa8d93a913d45d567f)",0,0,0,0,0,0,0,0,0,0,0,0,0,0,0,0,0,0,0,0,0,0,0,0,0,0,0,
"(com.alibaba.json.test.benchmark.jdk10.StringBenchmark.testParseJsonComp,7b416faa1015ce04505e88d1f9b0575bcf13657f)",0,0,0,0,0,0,0,0,0,0,0,0,0,0,0,0,0,0,0,0,0,0,0,0,0,0,0,
"(com.alibaba.json.test.benchmark.jdk10.StringBenchmark_jackson.testParseJsonComp,7b416faa1015ce04505e88d1f9b0575bcf13657f)",0,0,0,0,0,0,0,0,0,0,0,0,0,0,0,0,0,0,0,0,0,0,0,0,0,0,0,
"(com.alibaba.json.test.benchmark.jdk10.StringBenchmark_jackson.testParseJson,7b416faa1015ce04505e88d1f9b0575bcf13657f)",0,0,0,0,0,0,0,0,0,0,0,0,0,0,0,0,0,0,0,0,0,0,0,0,0,0,0,
"(com.alibaba.json.test.benchmark.jdk10.StringBenchmark.testParseJson,7b416faa1015ce04505e88d1f9b0575bcf13657f)",0,0,0,0,0,0,0,0,0,0,0,0,0,0,0,0,0,0,0,0,0,0,0,0,0,0,0,
"(com.alibaba.json.test.benchmark.jdk10.StringBenchmark.testParseJsonComp,37bd050e90535b0d58940eb2c406de4faee159f7)",0,0,0,0,0,0,0,0,0,0,0,0,0,0,0,0,0,0,0,0,0,0,0,0,0,0,0,
"(com.alibaba.json.test.benchmark.jdk10.StringBenchmark_jackson.testParseJsonComp,37bd050e90535b0d58940eb2c406de4faee159f7)",0,0,0,0,0,0,0,0,0,0,0,0,0,0,0,0,0,0,0,0,0,0,0,0,0,0,0,
"(com.alibaba.json.test.benchmark.jdk10.StringBenchmark_jackson.testParseJson,37bd050e90535b0d58940eb2c406de4faee159f7)",0,0,0,0,0,0,0,0,0,0,0,0,0,0,0,0,0,0,0,0,0,0,0,0,0,0,0,
"(com.alibaba.json.test.benchmark.jdk10.StringBenchmark.testParseJson,37bd050e90535b0d58940eb2c406de4faee159f7)",0,0,0,0,0,0,0,0,0,0,0,0,0,0,0,0,0,0,0,0,0,0,0,0,0,0,0,
"(com.alibaba.json.test.benchmark.jdk10.StringBenchmark.testParseJsonComp,0d1ba1b9ee16064d32af9a8f8a2caa5bc01966bf)",0,0,0,0,0,0,0,0,0,0,0,0,0,0,0,0,0,0,0,0,0,0,0,0,0,0,0,
"(com.alibaba.json.test.benchmark.jdk10.StringBenchmark_jackson.testParseJsonComp,0d1ba1b9ee16064d32af9a8f8a2caa5bc01966bf)",0,0,0,0,0,0,0,0,0,0,0,0,0,0,0,0,0,0,0,0,0,0,0,0,0,0,0,
"(com.alibaba.json.test.benchmark.jdk10.StringBenchmark_jackson.testParseJson,0d1ba1b9ee16064d32af9a8f8a2caa5bc01966bf)",0,0,0,0,0,0,0,0,0,0,0,0,0,0,0,0,0,0,0,0,0,0,0,0,0,0,0,
"(com.alibaba.json.test.benchmark.jdk10.StringBenchmark.testParseJson,0d1ba1b9ee16064d32af9a8f8a2caa5bc01966bf)",0,0,0,0,0,0,0,0,0,0,0,0,0,0,0,0,0,0,0,0,0,0,0,0,0,0,0,
"(com.alibaba.json.test.benchmark.jdk10.StringBenchmark.testParseJsonComp,95e7999723e5dc4a2acc8afcba804f2ff5787399)",0,0,0,0,0,0,0,0,0,0,0,0,0,0,0,0,0,0,0,0,0,0,0,0,0,0,0,
"(com.alibaba.json.test.benchmark.jdk10.StringBenchmark_jackson.testParseJsonComp,95e7999723e5dc4a2acc8afcba804f2ff5787399)",0,0,0,0,0,0,0,0,0,0,0,0,0,0,0,0,0,0,0,0,0,0,0,0,0,0,0,
"(com.alibaba.json.test.benchmark.jdk10.StringBenchmark_jackson.testParseJson,95e7999723e5dc4a2acc8afcba804f2ff5787399)",0,0,0,0,0,0,0,0,0,0,0,0,0,0,0,0,0,0,0,0,0,0,0,0,0,0,0,
"(com.alibaba.json.test.benchmark.jdk10.StringBenchmark.testParseJson,95e7999723e5dc4a2acc8afcba804f2ff5787399)",0,0,0,0,0,0,0,0,0,0,0,0,0,0,0,0,0,0,0,0,0,0,0,0,0,0,0,
"(com.alibaba.json.test.benchmark.jdk10.StringBenchmark.testParseJsonComp,917de2693c2c7e968e2128b3fad9fc44aa5f5018)",0,0,0,0,0,0,0,0,0,0,0,0,0,0,0,0,0,0,0,0,0,0,0,0,0,0,0,
"(com.alibaba.json.test.benchmark.jdk10.StringBenchmark_jackson.testParseJsonComp,917de2693c2c7e968e2128b3fad9fc44aa5f5018)",0,0,0,0,0,0,0,0,0,0,0,0,0,0,0,0,0,0,0,0,0,0,0,0,0,0,0,
"(com.alibaba.json.test.benchmark.jdk10.StringBenchmark_jackson.testParseJson,917de2693c2c7e968e2128b3fad9fc44aa5f5018)",0,0,0,0,0,0,0,0,0,0,0,0,0,0,0,0,0,0,0,0,0,0,0,0,0,0,0,
"(com.alibaba.json.test.benchmark.jdk10.StringBenchmark.testParseJson,917de2693c2c7e968e2128b3fad9fc44aa5f5018)",0,0,0,0,0,0,0,0,0,0,0,0,0,0,0,0,0,0,0,0,0,0,0,0,0,0,0,
"(com.alibaba.json.test.benchmark.jdk10.StringBenchmark.testParseJsonComp,827cea56cf1e18f913637a04b956724d870143c1)",0,0,0,0,0,0,0,0,0,0,0,0,0,0,0,0,0,0,0,0,0,0,0,0,0,0,0,
"(com.alibaba.json.test.benchmark.jdk10.StringBenchmark_jackson.testParseJsonComp,827cea56cf1e18f913637a04b956724d870143c1)",0,0,0,0,0,0,0,0,0,0,0,0,0,0,0,0,0,0,0,0,0,0,0,0,0,0,0,
"(com.alibaba.json.test.benchmark.jdk10.StringBenchmark_jackson.testParseJson,827cea56cf1e18f913637a04b956724d870143c1)",0,0,0,0,0,0,0,0,0,0,0,0,0,0,0,0,0,0,0,0,0,0,0,0,0,0,0,
"(com.alibaba.json.test.benchmark.jdk10.StringBenchmark.testParseJson,827cea56cf1e18f913637a04b956724d870143c1)",0,0,0,0,0,0,0,0,0,0,0,0,0,0,0,0,0,0,0,0,0,0,0,0,0,0,0,
"(com.alibaba.json.test.benchmark.jdk10.StringBenchmark.testParseJsonComp,dec2613040360d2f712ec6b8b2e7f67dabc9f180)",0,0,0,1,0,0,0,0,0,0,0,0,0,0,0,0,0,0,0,0,0,0,0,0,0,0,1,
"(com.alibaba.json.test.benchmark.jdk10.StringBenchmark_jackson.testParseJsonComp,dec2613040360d2f712ec6b8b2e7f67dabc9f180)",0,0,0,1,0,0,0,0,0,0,0,0,0,0,0,0,0,0,0,0,0,0,0,0,0,0,1,
"(com.alibaba.json.test.benchmark.jdk10.StringBenchmark_jackson.testParseJson,dec2613040360d2f712ec6b8b2e7f67dabc9f180)",0,0,0,1,0,0,0,0,0,0,0,0,0,0,0,0,0,0,0,0,0,0,0,0,0,0,1,
"(com.alibaba.json.test.benchmark.jdk10.StringBenchmark.testParseJson,dec2613040360d2f712ec6b8b2e7f67dabc9f180)",0,0,0,1,0,0,0,0,0,0,0,0,0,0,0,0,0,0,0,0,0,0,0,0,0,0,1,
"(com.alibaba.json.test.benchmark.jdk10.StringBenchmark.testParseJsonComp,81dbe7a72e835da726ba225661585aca247c175a)",0,0,0,0,0,0,0,0,0,0,0,0,0,0,0,0,0,0,0,0,0,0,0,0,0,0,0,
"(com.alibaba.json.test.benchmark.jdk10.StringBenchmark_jackson.testParseJsonComp,81dbe7a72e835da726ba225661585aca247c175a)",0,0,0,0,0,0,0,0,0,0,0,0,0,0,0,0,0,0,0,0,0,0,0,0,0,0,0,
"(com.alibaba.json.test.benchmark.jdk10.StringBenchmark_jackson.testParseJson,81dbe7a72e835da726ba225661585aca247c175a)",0,0,0,0,0,0,0,0,0,0,0,0,0,0,0,0,0,0,0,0,0,0,0,0,0,0,0,
"(com.alibaba.json.test.benchmark.jdk10.StringBenchmark.testParseJson,81dbe7a72e835da726ba225661585aca247c175a)",0,0,0,0,0,0,0,0,0,0,0,0,0,0,0,0,0,0,0,0,0,0,0,0,0,0,0,
"(com.alibaba.json.test.benchmark.jdk10.StringBenchmark.testParseJsonComp,b124b09918c82053039b34b33a5741440d41334d)",0,0,0,0,0,0,0,0,0,0,0,0,0,0,0,0,0,0,0,0,0,0,0,0,0,0,0,
"(com.alibaba.json.test.benchmark.jdk10.StringBenchmark_jackson.testParseJsonComp,b124b09918c82053039b34b33a5741440d41334d)",0,0,0,0,0,0,0,0,0,0,0,0,0,0,0,0,0,0,0,0,0,0,0,0,0,0,0,
"(com.alibaba.json.test.benchmark.jdk10.StringBenchmark_jackson.testParseJson,b124b09918c82053039b34b33a5741440d41334d)",0,0,0,0,0,0,0,0,0,0,0,0,0,0,0,0,0,0,0,0,0,0,0,0,0,0,0,
"(com.alibaba.json.test.benchmark.jdk10.StringBenchmark.testParseJson,b124b09918c82053039b34b33a5741440d41334d)",0,0,0,0,0,0,0,0,0,0,0,0,0,0,0,0,0,0,0,0,0,0,0,0,0,0,0,
